semi-eng/図/第4週_自由電子と正孔_アニメ図解_キャリアの発生と移動.html	handotai/w04_carrier_generation.html
semi-eng/図/第4週_自由電子と正孔_アニメ図解_ドリフトと拡散.html	handotai/w04_drift_diffusion.html
semi-eng/図/第5週_n型ドーピング_アニメ図解_結合の手.html	handotai/w05_n_doping.html
semi-eng/図/第5週_n型_アニメ図解_フェルミ準位バンド図.html	handotai/w05_n_fermi_band.html
semi-eng/図/第5週_p型ドーピング_アニメ図解_結合の手.html	handotai/w05_p_doping.html
semi-eng/図/第5週_p型_アニメ図解_フェルミ準位バンド図.html	handotai/w05_p_fermi_band.html
semi-eng/図/第6週_pn接合_アニメ図解_本編.html	handotai/w06_pn_junction.html
semi-eng/図/第6週_pn接合_バンド図.html	handotai/w06_pn_band.html
semi-eng/図/第6週_LED太陽電池_アニメ図解.html	handotai/w06_led_solar.html
semi-eng/図/第7週_ダイオード_アニメ図解_整流特性.html	handotai/w07_diode_rectify.html
semi-eng/図/第8週_MOSの構造_アニメ図解.html	handotai/w08_mos_structure.html
semi-eng/図/第9週_MOSの動作_アニメ図解.html	handotai/w09_mos_operation.html
semi-eng/図/第9週_MOSの動作_アニメ図解_構造ピンチオフ.html	handotai/w09_mos_pinchoff.html
semi-eng/図/第9週_MOSの動作_アニメ図解_特性カーブ.html	handotai/w09_mos_curves.html
semi-eng/図/第10週_CMOS_アニメ図解_pMOSの動作.html	handotai/w10_pmos.html
semi-eng/図/第10週_CMOS_アニメ図解_インバータと低消費電力.html	handotai/w10_cmos_inverter.html
semi-eng/図/第11週_MOSの進化_アニメ図解_スケーリング則と短チャネル効果.html	handotai/w11_scaling.html
semi-eng/図/第11週_MOSの進化_アニメ図解_平面から立体へ.html	handotai/w11_finfet_gaa.html
semi-eng/図/週12_砂からウェハまで_全体フロー_動的版.html	handotai/w12_sand_to_wafer.html
semi-eng/図/週12_単結晶シリコンの育て方_CZ法_動的版.html	handotai/w12_cz_method.html
semi-eng/図/週12_フォトリソの1サイクル_動的版.html	handotai/w12_photolithography.html
semi-eng/図/週12_CMOSができるまで_フルプロセス36ステップ.html	handotai/w12_cmos_36steps.html
semi-eng/図/週13_後工程の流れ_動的版.html	handotai/w13_backend.html
semi-eng/図/週13_CoWoS_AIチップの作り方_動的版.html	handotai/w13_cowos.html
semi-eng/図/週15_総まとめ_全体マップ.html	handotai/w15_overall_map.html
elec-cir-ex/図/第01-03週_MOS/08_アニメ_MOS構造とピンチオフ.html	kairo/mos_structure_pinchoff.html
elec-cir-ex/図/第01-03週_MOS/09_アニメ_MOS特性カーブと式.html	kairo/mos_curves_equation.html
elec-cir-ex/図/第04-06週_CMOS/anim_cmos_3way.html	kairo/cmos_3way.html
elec-cir-ex/図/第04-06週_CMOS/anim_door_analogy.html	kairo/cmos_door_analogy.html
elec-cir-ex/図/第04-06週_CMOS/fig_cmos_measure.html	kairo/cmos_measure.html
elec-cir-ex/図/第07-09週_OPアンプ基本/anim_virtual_short.html	kairo/opamp_virtual_short.html
elec-cir-ex/図/第07-09週_OPアンプ基本/anim_input_current_zero.html	kairo/opamp_input_zero.html
elec-cir-ex/図/第07-09週_OPアンプ基本/anim_noninverting.html	kairo/opamp_noninverting.html
elec-cir-ex/図/第07-09週_OPアンプ基本/fig_inv_measure.html	kairo/opamp_inv_measure.html
elec-cir-ex/図/第07-09週_OPアンプ基本/fig_noninv_measure.html	kairo/opamp_noninv_measure.html
elec-cir-ex/図/第07-09週_OPアンプ基本/fig_inv_vs_noninv.html	kairo/opamp_inv_vs_noninv.html
elec-cir-ex/図/第07-09週_OPアンプ基本/fig_njm4558_pinout.html	kairo/njm4558_pinout.html
elec-cir-ex/図/第10-12週_OPアンプ応用/anim_adder.html	kairo/opamp_adder.html
elec-cir-ex/図/第10-12週_OPアンプ応用/anim_subtractor.html	kairo/opamp_subtractor.html
elec-cir-ex/図/第10-12週_OPアンプ応用/anim_int_diff.html	kairo/opamp_int_diff.html
elec-cir-ex/図/第13-14週_コンパレータ/anim_comparator_basic.html	kairo/comparator_basic.html
elec-cir-ex/図/第13-14週_コンパレータ/anim_hysteresis.html	kairo/comparator_hysteresis.html
elec-cir-ex/図/第13-14週_コンパレータ/fig_amp_vs_comparator.html	kairo/amp_vs_comparator.html
elec-cir-ex/図/第13-14週_コンパレータ/fig_analogy_balance.html	kairo/comparator_balance.html
elec-cir-ex/図/第13-14週_コンパレータ/fig_comparator_measure.html	kairo/comparator_measure.html
